{
  "best_metric": 50.72463768115942,
  "best_model_checkpoint": "outputs_search/none.rte.t5-base/13156468/checkpoint-200",
  "epoch": 10.256410256410255,
  "global_step": 400,
  "is_hyper_param_search": false,
  "is_local_process_zero": true,
  "is_world_process_zero": true,
  "log_history": [
    {
      "epoch": 5.13,
      "eval_accuracy": 50.72463768115942,
      "eval_average_metrics": 50.72463768115942,
      "eval_loss": 0.3484583795070648,
      "eval_runtime": 0.6415,
      "eval_samples_per_second": 215.114,
      "step": 200
    },
    {
      "epoch": 10.26,
      "eval_accuracy": 49.275362318840585,
      "eval_average_metrics": 49.275362318840585,
      "eval_loss": 0.361116498708725,
      "eval_runtime": 0.6288,
      "eval_samples_per_second": 219.454,
      "step": 400
    }
  ],
  "max_steps": 5000,
  "num_train_epochs": 129,
  "total_flos": 3888196131225600.0,
  "trial_name": null,
  "trial_params": null
}
